{"stats":{"minecraft:killed":{"minecraft:spider":1},"minecraft:dropped":{"minecraft:wheat_seeds":14},"minecraft:mined":{"minecraft:grass":45,"minecraft:oak_log":5,"minecraft:tall_grass":22,"minecraft:oak_leaves":1},"minecraft:used":{"minecraft:wooden_sword":8,"minecraft:crafting_table":1},"minecraft:picked_up":{"minecraft:wheat_seeds":14,"minecraft:oak_log":5,"minecraft:string":2},"minecraft:crafted":{"minecraft:wooden_sword":1,"minecraft:oak_planks":20,"minecraft:crafting_table":1,"minecraft:stick":10},"minecraft:custom":{"minecraft:time_since_rest":2408,"minecraft:play_time":2408,"minecraft:sprint_one_cm":10062,"minecraft:damage_taken":40,"minecraft:walk_one_cm":3592,"minecraft:mob_kills":1,"minecraft:drop":14,"minecraft:jump":50,"minecraft:damage_dealt":160,"minecraft:leave_game":1,"minecraft:time_since_death":2408,"minecraft:total_world_time":2408,"minecraft:interact_with_crafting_table":2,"minecraft:fall_one_cm":894,"minecraft:fly_one_cm":9304}},"DataVersion":3465}